actualap,predictedap
2949,3658.669283
2905,3513.767207
2886,3632.197061
2783,3718.450894
2618,3795.971026
1916,3884.138175
2849,3992.610425
2477,4020.010579
2745,4086.407301
2410,4162.621226
2367,4234.015066
2237,4293.410819
2437,4316.721292
2137,4336.637307
2337,4321.945471
